{
    "id": "e8a7897c-05dc-4806-a100-9fe1706fa170",
    "status": "completed",
    "personality_data": {
        "Extraversion": 0.3702271282672882,
        "Neuroticism": 0.392626017332077,
        "Agreeableness": 0.45439374446868896,
        "Conscientiousness": 0.4191223382949829,
        "Openness": 0.45642098784446716
    }
}