Index,start_time,end_time,Speaker,Transcript,admiration,amusement,anger,annoyance,approval,caring,confusion,curiosity,desire,disappointment,disapproval,disgust,embarrassment,excitement,fear,gratitude,grief,joy,love,nervousness,neutral,optimism,pride,realization,relief,remorse,sadness,surprise
1,460,10834,1,Thank you very much.  Thank you. ,0.005409277509897947,7.511595322284847e-05,8.1050799053628e-05,0.00013778675929643214,0.00023582213907502592,0.00012800034892279655,0.0001123636175179854,0.00036376010393723845,4.7803194320295006e-05,7.151227327995002e-05,1.6846272046677768e-05,4.5534761738963425e-05,6.431951533159008e-06,0.00023031760065350682,1.1915178220078815e-05,0.9920141100883484,2.064981708826963e-05,0.00012732052709907293,2.8074833608116023e-05,3.740363354154397e-06,0.0006466461345553398,4.03273334086407e-05,1.3724740711040795e-05,8.456398063572124e-06,6.035374099155888e-05,1.690000317466911e-05,1.1294100659142714e-05,3.488239235593937e-05
